{"inputUnits":[14],"outputUnits":4,"inputs":{"0":{"dtype":"number","min":182.6241519179104,"max":295.6576990726538},"1":{"dtype":"number","min":0.8772634290471473,"max":358.7580267123763},"2":{"dtype":"number","min":269.05807396103137,"max":346.6457198141109},"3":{"dtype":"number","min":197.86754226278975,"max":269.37327092555915},"4":{"dtype":"number","min":0.15700838667403616,"max":359.97871571898986},"5":{"dtype":"number","min":104.61127416839736,"max":176.22595404075588},"6":{"dtype":"number","min":22.16125135833964,"max":383.46250209895265},"7":{"dtype":"number","min":0.6197663366998114,"max":359.8762866080878},"8":{"dtype":"number","min":0.24604806956169512,"max":342.4970634696153},"9":{"dtype":"number","min":50.194698559358265,"max":208.59806026302252},"10":{"dtype":"number","min":4.779566899082141,"max":347.8984169152295},"11":{"dtype":"number","min":37.61243702937191,"max":197.49887801865486},"12":{"dtype":"number","min":0.061298625134242,"max":359.90641089940385},"13":{"dtype":"number","min":50.34959123541887,"max":218.36830075718896}},"outputs":{"0":{"dtype":"string","min":0,"max":1,"uniqueValues":["Mountain","Tree","Goddess","Warrior 2"],"legend":{"Mountain":[1,0,0,0],"Tree":[0,1,0,0],"Goddess":[0,0,1,0],"Warrior 2":[0,0,0,1]}}},"isNormalized":true}