{"inputUnits":[14],"outputUnits":5,"inputs":{"0":{"dtype":"number","min":-221.20319618798237,"max":-102.02442377376629},"1":{"dtype":"number","min":-244.12156737798475,"max":47.95226873366313},"2":{"dtype":"number","min":-245.9825044500954,"max":17.620774727801653},"3":{"dtype":"number","min":-245.6658563568836,"max":1.1784536762042634},"4":{"dtype":"number","min":-144.46680392374418,"max":176.71555770155524},"5":{"dtype":"number","min":-263.33019248591586,"max":95.20041920566224},"6":{"dtype":"number","min":-342.8277756600362,"max":287.41150905992464},"7":{"dtype":"number","min":-79.88261768215902,"max":253.79812314621248},"8":{"dtype":"number","min":-249.205636792632,"max":79.42339890728493},"9":{"dtype":"number","min":-213.75713903048754,"max":54.892398324635515},"10":{"dtype":"number","min":-251.49277837932797,"max":74.55146698746826},"11":{"dtype":"number","min":-216.7779536124116,"max":53.777020480190835},"12":{"dtype":"number","min":-244.41716776584818,"max":166.7372522259841},"13":{"dtype":"number","min":-196.51024622764388,"max":71.7168952738424}},"outputs":{"0":{"dtype":"string","min":0,"max":1,"uniqueValues":["Downward Dog","Mountain","Tree","Goddess","Warrior 2"],"legend":{"Downward Dog":[1,0,0,0,0],"Mountain":[0,1,0,0,0],"Tree":[0,0,1,0,0],"Goddess":[0,0,0,1,0],"Warrior 2":[0,0,0,0,1]}}},"isNormalized":true}