{"inputUnits":[34],"outputUnits":5,"inputs":{"0":{"dtype":"number","min":304.22987882265323,"max":516.5005196300463},"1":{"dtype":"number","min":105.72608799322106,"max":408.06798318944556},"2":{"dtype":"number","min":313.17562771214585,"max":521.9859370368928},"3":{"dtype":"number","min":99.3503781329797,"max":405.99105359979177},"4":{"dtype":"number","min":305.1037918268938,"max":514.7308432731184},"5":{"dtype":"number","min":87.20042187879986,"max":403.16329362327485},"6":{"dtype":"number","min":331.0266125155794,"max":537.7971854005806},"7":{"dtype":"number","min":107.24973092283255,"max":403.45862125144396},"8":{"dtype":"number","min":272.0462273623693,"max":530.1696729845575},"9":{"dtype":"number","min":98.75368110864542,"max":401.6798866954759},"10":{"dtype":"number","min":296.6437456301678,"max":575.5468251269151},"11":{"dtype":"number","min":129.7375393284898,"max":451.46215416578},"12":{"dtype":"number","min":276.5940885135636,"max":443.0774632316619},"13":{"dtype":"number","min":116.6333610445609,"max":440.11866528700295},"14":{"dtype":"number","min":305.01636430911054,"max":606.931554297065},"15":{"dtype":"number","min":65.94260605392753,"max":523.8505067342915},"16":{"dtype":"number","min":206.74529198078795,"max":454.5580437211211},"17":{"dtype":"number","min":86.57051531721183,"max":459.6176456199082},"18":{"dtype":"number","min":257.65567289716074,"max":588.8114988571939},"19":{"dtype":"number","min":28.59558817941391,"max":510.2670614635898},"20":{"dtype":"number","min":155.4808243332206,"max":458.75520580009726},"21":{"dtype":"number","min":18.455150322227624,"max":497.9934110530156},"22":{"dtype":"number","min":274.27621418400037,"max":606.4749353312333},"23":{"dtype":"number","min":263.48799056116246,"max":543.3412710701909},"24":{"dtype":"number","min":271.11159268984073,"max":410.3125368110865},"25":{"dtype":"number","min":257.1343851646097,"max":517.0390030382208},"26":{"dtype":"number","min":312.91753271674366,"max":600.8363864765093},"27":{"dtype":"number","min":298.9156783879499,"max":547.9601391744058},"28":{"dtype":"number","min":221.98895762402725,"max":438.4889555162957},"29":{"dtype":"number","min":300.2939733364239,"max":544.3478381680144},"30":{"dtype":"number","min":259.7570171430417,"max":609.1381218461211},"31":{"dtype":"number","min":402.0435520276022,"max":549.7488937674793},"32":{"dtype":"number","min":215.6785102577061,"max":442.5157978933609},"33":{"dtype":"number","min":384.18129056344236,"max":547.6461720744924}},"outputs":{"0":{"dtype":"string","min":0,"max":1,"uniqueValues":["Warrior 2","Tree","Downward Dog","Goddess","Mountain"],"legend":{"Warrior 2":[1,0,0,0,0],"Tree":[0,1,0,0,0],"Downward Dog":[0,0,1,0,0],"Goddess":[0,0,0,1,0],"Mountain":[0,0,0,0,1]}}},"isNormalized":true}